INSERT INTO CLIENTES (COD_CLIENTE, CNPJ, RAZS, RAM_ATV, DATA_CAD, PSS_CONTATO)
VALUES (1, '12345678901234', 'RAZAO SOCIAL 1', 'RAMO DE ATIVIDADE 1', '2021-01-01', 'PESSOA DE CONTATO 1'),
    (2, '12345678901234', 'RAZAO SOCIAL 2', 'RAMO DE ATIVIDADE 2', '2021-01-01', 'PESSOA DE CONTATO 2'),
    (3, '12345678901234', 'RAZAO SOCIAL 3', 'RAMO DE ATIVIDADE 3', '2021-01-01', 'PESSOA DE CONTATO 3'),
    (4, '12345678901234', 'RAZAO SOCIAL 4', 'RAMO DE ATIVIDADE 4', '2021-01-01', 'PESSOA DE CONTATO 4'),
    (5, '12345678901234', 'RAZAO SOCIAL 5', 'RAMO DE ATIVIDADE 5', '2021-01-01', 'PESSOA DE CONTATO 5');

INSERT INTO EMPREGADOS (COD_MATRICULA, NOME, CARGO, SALARIO, DATA_ADS, QUALI)
VALUES (1, 'NOME 1', 'CARGO 1', 1000.00, '2021-01-01', 'QUALIFICACAO 1'),
    (2, 'NOME 2', 'CARGO 2', 2000.00, '2021-01-01', 'QUALIFICACAO 2'),
    (3, 'NOME 3', 'CARGO 3', 3000.00, '2021-01-01', 'QUALIFICACAO 3'),
    (4, 'NOME 4', 'CARGO 4', 4000.00, '2021-01-01', 'QUALIFICACAO 4'),
    (5, 'NOME 5', 'CARGO 5', 5000.00, '2021-01-01', 'QUALIFICACAO 5');

INSERT INTO FORNECEDORES (CNPJ_FORNECEDOR, RAZS_FORNECEDOR, PSS_CTT_FORNECEDOR)
VALUES ('12345678901234', 'RAZAO SOCIAL FORNECEDOR 1', 'PESSOA DE CONTATO FORNECEDOR 1'),
    ('22345678901234', 'RAZAO SOCIAL FORNECEDOR 2', 'PESSOA DE CONTATO FORNECEDOR 2'),
    ('32345678901234', 'RAZAO SOCIAL FORNECEDOR 3', 'PESSOA DE CONTATO FORNECEDOR 3'),
    ('42345678901234', 'RAZAO SOCIAL FORNECEDOR 4', 'PESSOA DE CONTATO FORNECEDOR 4'),
    ('52345678901234', 'RAZAO SOCIAL FORNECEDOR 5', 'PESSOA DE CONTATO FORNECEDOR 5');

INSERT INTO TELEFONES (COD_TELEFONE, NUMERO, COD_CLIENTE, COD_MATRICULA, CNPJ_FORNECEDOR)
VALUES (1, '12345678901', 1, 1, '12345678901234'),
    (2, '22345678901', 2, 2, '22345678901234'),
    (3, '32345678901', 3, 3, '32345678901234'),
    (4, '42345678901', 4, 4, '42345678901234'),
    (5, '52345678901', 5, 5, '52345678901234');

INSERT INTO ENDERECOS (COD_ENDERECO, NUMERO, BAIRRO, CIDADE, ESTADO, CEP, LOGRADOURO, COMPLEMENTO, COD_CLIENTE, COD_MATRICULA, CNPJ_FORNECEDOR)
VALUES (1, 1, 'BAIRRO 1', 'CIDADE 1', 'SP', '12345678', 'LOGRADOURO 1', 'COMPLEMENTO 1', 1, 1, '12345678901234'),
    (2, 2, 'BAIRRO 2', 'CIDADE 2', 'SP', '12345678', 'LOGRADOURO 2', 'COMPLEMENTO 2', 2, 2, '22345678901234'),
    (3, 3, 'BAIRRO 3', 'CIDADE 3', 'SP', '12345678', 'LOGRADOURO 3', 'COMPLEMENTO 3', 3, 3, '32345678901234'),
    (4, 4, 'BAIRRO 4', 'CIDADE 4', 'SP', '12345678', 'LOGRADOURO 4', 'COMPLEMENTO 4', 4, 4, '42345678901234'),
    (5, 5, 'BAIRRO 5', 'CIDADE 5', 'SP', '12345678', 'LOGRADOURO 5', 'COMPLEMENTO 5', 5, 5, '52345678901234');

INSERT INTO  TIPO_ENDERECO (NOME_TIPO, COD_ENDERECO)
VALUES ('RESIDENCIAL', 1),
    ('COMERCIAL', 2),
    ('INDUSTRIAL', 3),
    ('RURAL', 4),
    ('OUTRO', 5);

INSERT INTO MAQUINAS (COD_MAQUINA, TEMP_VIDA, DATA_BUY, DATA_GARANTIA)
VALUES (1, '01:00:00', '2021-01-01', '2021-01-02'),
    (2, '02:00:00', '2021-01-01', '2021-01-02'),
    (3, '03:00:00', '2021-01-01', '2021-01-02'),
    (4, '04:00:00', '2021-01-01', '2021-01-02'),
    (5, '05:00:00', '2021-01-01', '2021-01-02');

INSERT INTO RE (COD_RECURSO, QNTD_NEED, UNID, TEMPO_USO, HMO)
VALUES (1, 1, 'UNIDADE', '01:00:00', '01:00:00'),
    (2, 2, 'UNIDADE', '02:00:00', '02:00:00'),
    (3, 3, 'UNIDADE', '03:00:00', '03:00:00'),
    (4, 4, 'UNIDADE', '04:00:00', '04:00:00'),
    (5, 5, 'UNIDADE', '05:00:00', '05:00:00');

INSERT INTO RM (DATA_RM, DESC_RM, COD_MAQUINA)
VALUES ('2021-01-01', 'DESCRICAO RM 1', 1),
    ('2021-01-01', 'DESCRICAO RM 2', 2),
    ('2021-01-01', 'DESCRICAO RM 3', 3),
    ('2021-01-01', 'DESCRICAO RM 4', 4),
    ('2021-01-01', 'DESCRICAO RM 5', 5);

INSERT INTO RS (COD_SUPRIMENTO, QNTD_SUPRIMENTO, DATE_NEED)
VALUES (1, 1, '2021-01-01'),
    (2, 2, '2021-01-01'),
    (3, 3, '2021-01-01'),
    (4, 4, '2021-01-01'),
    (5, 5, '2021-01-01');

INSERT INTO PRODUTOS (COD_PRODUTO, NOME_PRODUTO, TEMPO_FAB, PRECO, H_MAO_OBRA, COD_RECURSO, COD_SUPRIMENTO, COD_MAQUINA)
VALUES (1, 'PRODUTO 1', 1.00, 1.00, '01:00:00', 1, 1, 1),
    (2, 'PRODUTO 2', 2.00, 2.00, '02:00:00', 2, 2, 2),
    (3, 'PRODUTO 3', 3.00, 3.00, '03:00:00', 3, 3, 3),
    (4, 'PRODUTO 4', 4.00, 4.00, '04:00:00', 4, 4, 4),
    (5, 'PRODUTO 5', 5.00, 5.00, '05:00:00', 5, 5, 5);

INSERT INTO ENCOMENDAS (COD_ENCOMENDA, DATA_INCLUSAO, VALOR_TOTAL, VALOR_LIQUIDO, VALOR_DESCONTO, QNTD_PARCELAS, FORMA_PAGAMENTO, COD_PRODUTO)
VALUES (1, '2021-01-01', 1.00, 1.00, 1.00, 1, 'FORMA DE PAGAMENTO 1', 1),
    (2, '2021-01-01', 2.00, 2.00, 2.00, 2, 'FORMA DE PAGAMENTO 2', 2),
    (3, '2021-01-01', 3.00, 3.00, 3.00, 3, 'FORMA DE PAGAMENTO 3', 3),
    (4, '2021-01-01', 4.00, 4.00, 4.00, 4, 'FORMA DE PAGAMENTO 4', 4),
    (5, '2021-01-01', 5.00, 5.00, 5.00, 5, 'FORMA DE PAGAMENTO 5', 5);

INSERT INTO CARACTERISTICAS_PRODUTOS (DESENHO_PRODUTO, COR, PESO, DIMENSOES, COD_PRODUTO)
VALUES ('DESENHO PRODUTO 1', 'COR 1', 1.00, 'DIMENSOES 1', 1),
    ('DESENHO PRODUTO 2', 'COR 2', 2.00, 'DIMENSOES 2', 2),
    ('DESENHO PRODUTO 3', 'COR 3', 3.00, 'DIMENSOES 3', 3),
    ('DESENHO PRODUTO 4', 'COR 4', 4.00, 'DIMENSOES 4', 4),
    ('DESENHO PRODUTO 5', 'COR 5', 5.00, 'DIMENSOES 5', 5);

INSERT INTO COMPONENTES (COD_COMPONENTE, NOME_COMPONENTE, QNTD_ESTQ, PRECO_UNIT, UNIDADE, CNPJ_FORNECEDOR)
VALUES (1, 'COMPONENTE 1', 1, 1.00, 'UNIDADE', '12345678901234'),
    (2, 'COMPONENTE 2', 2, 2.00, 'UNIDADE', '22345678901234'),
    (3, 'COMPONENTE 3', 3, 3.00, 'UNIDADE', '32345678901234'),
    (4, 'COMPONENTE 4', 4, 4.00, 'UNIDADE', '42345678901234'),
    (5, 'COMPONENTE 5', 5, 5.00, 'UNIDADE', '52345678901234');

INSERT INTO TIPOS_COMPONENTE (NOME, TIPO, COD_COMPONENTE)
VALUES ('TIPO COMPONENTE 1', 'TIPO 1', 1),
    ('TIPO COMPONENTE 2', 'TIPO 2', 2),
    ('TIPO COMPONENTE 3', 'TIPO 3', 3),
    ('TIPO COMPONENTE 4', 'TIPO 4', 4),
    ('TIPO COMPONENTE 5', 'TIPO 5', 5)
    
    -- UPDATE

UPDATE CLIENTES
SET PSS_CONTATO = 'JOAO'
WHERE COD_CLIENTE = 1;
UPDATE CLIENTES
SET PSS_CONTATO = 'MARIA'
WHERE COD_CLIENTE = 2;

UPDATE EMPREGADOS
SET NOME = 'JOSE'
WHERE COD_MATRICULA = 1;
UPDATE EMPREGADOS
SET NOME = 'MARCOS'
WHERE COD_MATRICULA = 2;

UPDATE FORNECEDORES
SET PSS_CTT_FORNECEDOR = 'GABRIEL'
WHERE RAZS_FORNECEDOR = 'RAZAO SOCIAL FORNECEDOR 1';
UPDATE FORNECEDORES
SET PSS_CTT_FORNECEDOR = 'LUCAS'
WHERE RAZS_FORNECEDOR = 'RAZAO SOCIAL FORNECEDOR 2';

UPDATE TELEFONES
SET NUMERO = '11 11111112'
WHERE COD_TELEFONE = 1;
UPDATE TELEFONES
SET NUMERO = '21 22222223'
WHERE COD_TELEFONE = 2;

UPDATE ENDERECOS
SET NUMERO = 2
WHERE COD_ENDERECO = 1;
UPDATE ENDERECOS
SET NUMERO = 3
WHERE COD_ENDERECO = 2; 

UPDATE TIPO_ENDERECO
SET NOME_TIPO = 'MONUMENTAL'
WHERE COD_ENDERECO = 1;
UPDATE TIPO_ENDERECO
SET NOME_TIPO = 'PATRIMONIAL'
WHERE COD_ENDERECO = 2;

UPDATE MAQUINAS
SET TEMP_VIDA = '02:00:00'
WHERE COD_MAQUINA = 1;
UPDATE MAQUINAS
SET TEMP_VIDA = '03:00:00'
WHERE COD_MAQUINA = 2;

UPDATE RE
SET QNTD_NEED = 2
WHERE COD_RECURSO = 1;
UPDATE RE
SET QNTD_NEED = 3
WHERE COD_RECURSO = 2;

UPDATE RM
SET DESC_RM = 'DESCRICAO RM 2'
WHERE COD_MAQUINA = 1;
UPDATE RM
SET DESC_RM = 'DESCRICAO RM 3'
WHERE COD_MAQUINA = 2;

UPDATE RS
SET QNTD_SUPRIMENTO = 2
WHERE COD_SUPRIMENTO = 1;
UPDATE RS
SET QNTD_SUPRIMENTO = 3
WHERE COD_SUPRIMENTO = 2;

UPDATE PRODUTOS
SET PRECO = 10.00
WHERE COD_PRODUTO = 1;
UPDATE PRODUTOS
SET PRECO = 20.00
WHERE COD_PRODUTO = 2;

UPDATE ENCOMENDAS
SET VALOR_TOTAL = 10.00
WHERE COD_ENCOMENDA = 1;
UPDATE ENCOMENDAS
SET VALOR_TOTAL = 20.00
WHERE COD_ENCOMENDA = 2;

UPDATE CARACTERISTICAS_PRODUTOS
SET COR = 'VERMELHO'
WHERE COD_PRODUTO = 1;
UPDATE CARACTERISTICAS_PRODUTOS
SET COR = 'AZUL'
WHERE COD_PRODUTO = 2;

UPDATE COMPONENTES
SET PRECO_UNIT = 10.00
WHERE COD_COMPONENTE = 1;
UPDATE COMPONENTES
SET PRECO_UNIT = 20.00
WHERE COD_COMPONENTE = 2;

UPDATE TIPOS_COMPONENTE
SET NOME = 'ALGUM COMPONENTE'
WHERE COD_COMPONENTE = 1;
UPDATE TIPOS_COMPONENTE
SET NOME = 'OUTRO COMPONENTE'
WHERE COD_COMPONENTE = 2;

-- DELETE


DELETE FROM TELEFONES 
WHERE COD_CLIENTE IN (SELECT COD_CLIENTE FROM CLIENTES WHERE RAM_ATV = 'RAMO DE ATIVIDADE 4');

DELETE FROM ENDERECOS 
WHERE COMPLEMENTO = 'COMPLEMENTO 1';

DELETE FROM CLIENTES 
WHERE RAM_ATV = 'RAMO DE ATIVIDADE 4';

DELETE FROM EMPREGADOS 
WHERE CARGO = 'CARGO 4';

DELETE FROM FORNECEDORES 
WHERE RAZS_FORNECEDOR = 'RAZAO SOCIAL FORNECEDOR 4';

DELETE FROM TIPO_ENDERECO 
WHERE NOME_TIPO = 'RURAL';

DELETE FROM MAQUINAS 
WHERE TEMP_VIDA = '04:00:00';

DELETE FROM RE 
WHERE UNID = 'UNIDADE';

DELETE FROM RM 
WHERE DESC_RM = 'DESCRICAO RM 4';

DELETE FROM RS 
WHERE QNTD_SUPRIMENTO = 4;

DELETE FROM PRODUTOS 
WHERE PRECO = 4.00;

DELETE FROM ENCOMENDAS 
WHERE VALOR_TOTAL = 4.00;

DELETE FROM CARACTERISTICAS_PRODUTOS 
WHERE COR = 'COR 4';

DELETE FROM COMPONENTES 
WHERE QNTD_ESTQ = 4;

DELETE FROM TIPOS_COMPONENTE 
WHERE TIPO = 'TIPO 4';