INSERT INTO CLIENTES (CPF_CLIENTE, NOME_CLIENTE, DATA_NASCIMENTO, STTS_FIDELIDADE_CLIENTE)
VALUES ('12345678901', 'João', '1990-01-01', TRUE),
('12345678902', 'Maria', '1995-01-01', FALSE),
('12345678903', 'José', '2000-01-01', TRUE),
('12345678904', 'Ana', '2005-01-01', FALSE),
('12345678905', 'Pedro', '2010-01-01', TRUE);

INSERT INTO FUNCIONARIOS (CPF_FUNCIONARIO, NOME_FUNCIONARIO, DATA_NASCIMENTO, CARGO_FUNCIONARIO, SALARIO_FUNCIONARIO)
VALUES ('12345678901', 'Marcos', '1990-01-01', 'Gerente', 5000.00),
('12345678902', 'Lucas', '1995-01-01', 'Vendedor', 2000.00),
('12345678903', 'Paulo', '2000-01-01', 'Vendedor', 2000.00),
('12345678904', 'Jose', '2005-01-01', 'Estoquista', 1500.00),
('12345678905', 'Eduarda', '2010-01-01', 'Estoquista', 1500.00);

INSERT INTO FORNECEDORES (CNPJ_FORNECEDOR, NOME_FORNECEDOR, ID_PRODUTO)
VALUES ('12345678901234', 'Fornecedor 1', 1),
('12345678901235', 'Fornecedor 2', 2),
('12345678901236', 'Fornecedor 3', 3),
('12345678901237', 'Fornecedor 4', 4),
('12345678901238', 'Fornecedor 5', 5);

INSERT INTO PRODUTOS (ID_PRODUTO, NOME_PRODUTO, VALOR_PRODUTO, QNTD_ESTOQUE_PRODUTO, INFO_PRODUTO, CNPJ_FORNECEDOR)
VALUES (1, 'Produto 1', 100.00, 10, 'Produto 1', '12345678901234'),
(2, 'Produto 2', 200.00, 20, 'Produto 2', '12345678901235'),
(3, 'Produto 3', 300.00, 30, 'Produto 3', '12345678901236'),
(4, 'Produto 4', 400.00, 40, 'Produto 4', '12345678901237'),
(5, 'Produto 5', 500.00, 50, 'Produto 5', '12345678901238');

INSERT INTO VENDAS (ID_VENDA, ID_PRODUTO, CPF_CLIENTE, ID_PAGAMENTO, DESC_VENDA, FORMA_PAGAMENTO_VENDA, VALOR_TOTAL, DATA_VENDA)
VALUES (1, 1, '12345678901', 1, 'Venda 1', 'Dinheiro', 100.00, '2021-01-01'),
(2, 2, '12345678902', 2, 'Venda 2', 'Cartão', 200.00, '2021-01-02'),
(3, 3, '12345678903', 3, 'Venda 3', 'Pix', 300.00, '2021-01-03'),
(4, 4, '12345678904', 4, 'Venda 4', 'Boleto', 400.00, '2021-01-04'),
(5, 5, '12345678905', 5, 'Venda 5', 'Dinheiro', 500.00, '2021-01-05');

--UPDATE

UPDATE CLIENTES 
SET NOME_CLIENTE = 'João Silva'
WHERE CPF_CLIENTE = '12345678901';

UPDATE CLIENTES 
SET NOME_CLIENTE = 'Maria Silva'
WHERE CPF_CLIENTE = '12345678902';

UPDATE FUNCIONARIOS 
SET NOME_FUNCIONARIO = 'Marcos Silva'
WHERE CPF_FUNCIONARIO = '12345678901';

UPDATE FUNCIONARIOS
SET NOME_FUNCIONARIO = 'Lucas Silva'
WHERE CPF_FUNCIONARIO = '12345678902';

UPDATE FORNECEDORES
SET NOME_FORNECEDOR = 'Fornecedor Silva'
WHERE CNPJ_FORNECEDOR = '12345678901234';

UPDATE FORNECEDORES
SET NOME_FORNECEDOR = 'Fornecedor Silva 2'
WHERE CNPJ_FORNECEDOR = '12345678901235';

UPDATE PRODUTOS
SET NOME_PRODUTO = 'Produto Silva'
WHERE ID_PRODUTO = 1;

UPDATE PRODUTOS 
SET NOME_PRODUTO = 'Produto Silva 2'
WHERE ID_PRODUTO = 2;

UPDATE VENDAS
SET DESC_VENDA = 'Venda Silva'
WHERE ID_VENDA = 1;

UPDATE VENDAS
SET DESC_VENDA = 'Venda Silva 2'
WHERE ID_VENDA = 2;

-- DELETE

DELETE FROM CLIENTES
WHERE CPF_CLIENTE = '12345678903';

DELETE FROM FUNCIONARIOS
WHERE CPF_FUNCIONARIO = '12345678904';

DELETE FROM FORNECEDORES
WHERE CNPJ_FORNECEDOR = '12345678901236';

DELETE FROM PRODUTOS
WHERE ID_PRODUTO = 4;

DELETE FROM VENDAS
WHERE ID_VENDA = 5;

