INSERT INTO ALUNOS (CPF_ALUNO, NOME, DATA_NASC_ALUNO, MODALIDADE_ALUNO)
VALUES (1, 'João', '2000-01-01', 'Musculação'),
       (2, 'Maria', '2000-01-02', 'Crossfit'),
       (3, 'José', '2000-01-03', 'Natação'),
       (4, 'Ana', '2000-01-04', 'Crossfit'),
       (5, 'Pedro', '2000-01-05', 'Musculação');

INSERT INTO RESPONSAVEL (CPF_RESPONSAVEL, NOME_RESPONSAVEL, CPF_ALUNO)
VALUES (1, 'Mãe João', 1),
       (2, 'Pai Maria', 2),
       (3, 'Mãe José', 3),
       (4, 'Pai Ana', 4),
       (5, 'Mãe Pedro', 5);

INSERT INTO MODALIDADES (ID_MODALIDADE, NOME_MODALIDADE, QNTD_ALUNOS_MODALIDADE, CPF_ALUNO)
VALUES (1, 'Musculação', 2, 1),
       (2, 'Crossfit', 2, 2),
       (3, 'Natação', 1, 3),
       (4, 'Crossfit', 2, 4),
       (5, 'Musculação', 2, 5);

INSERT INTO INSTRUTORES (ID_INSTRUTOR, NOME_INSTRUTOR, ID_MODALIDADE, CPF_ALUNO)
VALUES (1, 'Instrutor 1', 1, 1),
       (2, 'Instrutor 2', 2, 2),
       (3, 'Instrutor 3', 3, 3),
       (4, 'Instrutor 4', 4, 4),
       (5, 'Instrutor 5', 5, 5);

INSERT INTO PLANOS_DE_TREINAMENTO (ID_PLANO, DESC_PLANO, ID_INSTRUTOR, CPF_ALUNO)
VALUES (1, 'Plano 1', 1, 1),
       (2, 'Plano 2', 2, 2),
       (3, 'Plano 3', 3, 3),
       (4, 'Plano 4', 4, 4),
       (5, 'Plano 5', 5, 5);

INSERT INTO PAGAMENTOS (ID_PAGAMENTO, DATA_PAGAMENTO, VALOR_PAGAMENTO, STATUS_PAGAMENTO, CPF_ALUNO)
VALUES (1, '2021-01-01', 100.00, 'PAGO', 1),
       (2, '2021-01-02', 100.00, 'PAGO', 2),
       (3, '2021-01-03', 100.00, 'PAGO', 3),
       (4, '2021-01-04', 100.00, 'PAGO', 4),
       (5, '2021-01-05', 100.00, 'PAGO', 5);

INSERT INTO ENDERECO (CEP_ENDERECO, RUA_ENDERECO, NUMERO_ENDERECO, BAIRRO_ENDERECO, CIDADE_ENDERECO, ESTADO_ENDERECO, PAIS_ENDERECO, CPF_ALUNO)
VALUES (1, 'Rua 1', 1, 'Bairro 1', 'Cidade 1', 'Estado 1', 'Pais 1', 1),
       (2, 'Rua 2', 2, 'Bairro 2', 'Cidade 2', 'Estado 2', 'Pais 2', 2),
       (3, 'Rua 3', 3, 'Bairro 3', 'Cidade 3', 'Estado 3', 'Pais 3', 3),
       (4, 'Rua 4', 4, 'Bairro 4', 'Cidade 4', 'Estado 4', 'Pais 4', 4),
       (5, 'Rua 5', 5, 'Bairro 5', 'Cidade 5', 'Estado 5', 'Pais 5', 5);

INSERT INTO AULAS (ID_AULA, DATA_AULA, HORA_AULA, CAPACIDADE_AULA, ID_INSTRUTOR, CPF_ALUNO)
    VALUES (1, '2021-01-01', '10:00:00', 10, 1,1),
       (2, '2021-01-02', '11:00:00', 10, 2, 2),
       (3, '2021-01-03', '12:00:00', 10, 3, 3),
       (4, '2021-01-04', '13:00:00', 10, 4, 4),
       (5, '2021-01-05', '14:00:00', 10, 5, 5);

INSERT INTO ALUNOS_MODALIDADES (ALMD_ALUNO, ALMD_MODALIDADE)
VALUES (1, 1),
       (2, 2),
       (3, 3),
       (4, 4),
       (5, 5);

-- UPDATE

UPDATE ALUNOS
SET NOME = 'João Silva'
WHERE CPF_ALUNO = 1;
UPDATE ALUNOS
SET NOME = 'Maria Silva'
WHERE CPF_ALUNO = 2;

UPDATE RESPONSAVEL
SET NOME_RESPONSAVEL = 'Mãe Silva'
WHERE CPF_RESPONSAVEL = 1;
UPDATE RESPONSAVEL
SET NOME_RESPONSAVEL = 'Pai Silva'
WHERE CPF_RESPONSAVEL = 2;

UPDATE MODALIDADES
SET NOME_MODALIDADE = 'Musculação'
WHERE ID_MODALIDADE = 1;
UPDATE MODALIDADES
SET NOME_MODALIDADE = 'Crossfit'
WHERE ID_MODALIDADE = 2;

UPDATE INSTRUTORES
SET NOME_INSTRUTOR = 'Instrutor Silva'
WHERE ID_INSTRUTOR = 1;
UPDATE INSTRUTORES
SET NOME_INSTRUTOR = 'Instrutor Silva'
WHERE ID_INSTRUTOR = 2;

UPDATE PLANOS_DE_TREINAMENTO
SET DESC_PLANO = 'Plano Silva'
WHERE ID_PLANO = 1;
UPDATE PLANOS_DE_TREINAMENTO
SET DESC_PLANO = 'Plano Silva'
WHERE ID_PLANO = 2;

UPDATE PAGAMENTOS
SET VALOR_PAGAMENTO = 200.00
WHERE ID_PAGAMENTO = 1;
UPDATE PAGAMENTOS
SET VALOR_PAGAMENTO = 300.00
WHERE ID_PAGAMENTO = 2;

UPDATE ENDERECO
SET RUA_ENDERECO = 'Rua Silva'
WHERE CEP_ENDERECO = 1;
UPDATE ENDERECO
SET RUA_ENDERECO = 'Rua Sobral'
WHERE CEP_ENDERECO = 2;

UPDATE AULAS
SET DATA_AULA = '2021-01-01'
WHERE ID_AULA = 1;
UPDATE AULAS
SET DATA_AULA = '2021-01-02'
WHERE ID_AULA = 2;

UPDATE ALUNOS_MODALIDADES
SET ALMD_ALUNO = 1
WHERE ALMD_ALUNO = 1;
UPDATE ALUNOS_MODALIDADES
SET ALMD_ALUNO = 2
WHERE ALMD_ALUNO = 2;

-- DELETE

DELETE FROM ALUNOS
WHERE CPF_ALUNO = 1;

DELETE FROM RESPONSAVEL
WHERE CPF_RESPONSAVEL = 1;

DELETE FROM MODALIDADES
WHERE ID_MODALIDADE = 1;

DELETE FROM INSTRUTORES
WHERE ID_INSTRUTOR = 1;

DELETE FROM PLANOS_DE_TREINAMENTO
WHERE ID_PLANO = 1;

DELETE FROM PAGAMENTOS
WHERE ID_PAGAMENTO = 1;

DELETE FROM ENDERECO
WHERE CEP_ENDERECO = 1;

DELETE FROM AULAS
WHERE ID_AULA = 1;

DELETE FROM ALUNOS_MODALIDADES
WHERE ALMD_ALUNO = 1;