INSERT INTO AERONAVES (ID_AERONAVES, MODELO_AERONAVES, CAPACIDADE_AERONAVES, VOOS_AERONAVES)
VALUES (1, 'Boeing 737', 200, 100),
(2, 'Airbus A320', 150, 200),
(3, 'Boeing 777', 300, 300),
(4, 'Airbus A380', 500, 400),
(5, 'Embraer E190', 100, 500);

INSERT INTO AEROPORTOS (ID_AEROPORTO, NOME_AEROPORTO, CIDADE_AEROPORTO, ESTADO_AEROPORTO, PAIS_AEROPORTO, ID_AERONAVES)
VALUES (1, 'Aeroporto Internacional de Guarulhos', 'Guarulhos', 'São Paulo', 'Brasil', 1),
(2, 'Aeroporto Internacional de Congonhas', 'São Paulo', 'São Paulo', 'Brasil', 2),
(3, 'Aeroporto Internacional de Brasília', 'Brasília', 'Distrito Federal', 'Brasil', 3),
(4, 'Aeroporto Internacional de Galeão', 'Rio de Janeiro', 'Rio de Janeiro', 'Brasil', 4),
(5, 'Aeroporto Internacional de Confins', 'Belo Horizonte', 'Minas Gerais', 'Brasil', 5);

INSERT INTO PASSAGEIROS (CPF_PASSAGEIROS, NOME_PASSAGEIROS)
VALUES (111111, 'João'),
(222222, 'Maria'),
(333333, 'José'),
(444444, 'Ana'),
(555555, 'Carlos');

INSERT INTO ENDERECO (RUA_ENDERECO, NUMRUA_ENDERECO, BAIRRO_ENDERECO, CIDADE_ENDERECO, ESTADO_ENDERECO, PAIS_ENDERECO, CEP_ENDERECO, CPF_PASSAGEIROS)
VALUES ('Rua dos Bobos', 0, 'Centro', 'São Paulo', 'SP', 'Brasil', '00000-000', 111111),
('Rua das bobas', 4, 'Centro', 'Rio de Janeiro', 'RJ', 'Brasil', '11111-111', 222222),
('Rua de todos', 2, 'Centro', 'Belo Horizonte', 'MG', 'Brasil', '22222-222', 333333),
('Rua de ninguém', 3, 'Centro', 'Curitiba', 'PR', 'Brasil', '33333-333', 444444),
('Rua de alguém', 4, 'Centro', 'Porto Alegre', 'RS', 'Brasil', '44444-444', 555555);

INSERT INTO FUNCIONARIOS (CPF_FUNCIONARIOS, NOME_FUNCIONARIOS, CARGO_FUNCIONARIOS)
VALUES(111111, 'João', 'Piloto'),
(222222, 'Maria', 'Comissária'),
(333333, 'José', 'Comissário'),
(444444, 'Ana', 'Comissária'),
(555555, 'Carlos', 'Piloto');

INSERT INTO RESERVAS (ID_RESERVAS, CPF_PASSAGEIROS, ID_VOO)
VALUES (1, 111111, 1),
(2, 222222, 2),
(3, 333333, 3),
(4, 444444, 4),
(5, 555555, 5);

INSERT INTO VOOS (ID_VOO, DATA_VOOS, HORA_VOOS, ORIGEM_VOOS, DESTINO_VOOS, ID_RESERVAS)
VALUES (1, '2021-01-01', '12:00:00', 'Guarulhos', 'Congonhas', 1),
(2, '2021-01-02', '12:00:00', 'Congonhas', 'Brasília', 2),
(3, '2021-01-03', '12:00:00', 'Brasília', 'Galeão', 3),
(4, '2021-01-04', '12:00:00', 'Galeão', 'Confins', 4),
(5, '2021-01-05', '12:00:00', 'Confins', 'Guarulhos', 5);

INSERT INTO TELEFONE (NUM_TEL, CPF_PASSAGEIROS)
VALUES ('11 1111-1111', 111111),
('21 2222-2222', 222222),
('31 3333-3333', 333333),
('41 4444-4444', 444444),
('51 5555-5555', 555555);

--DANDO UPDATE

UPDATE AERONAVES
SET MODELO_AERONAVES = 'Boeing 737 MAX'
WHERE ID_AERONAVES = 1;

UPDATE AERONAVES 
SET CAPACIDADE_AERONAVES = 250
WHERE ID_AERONAVES = 1;

UPDATE AEROPORTOS
SET NOME_AEROPORTO = 'Aeroporto Internacional de Guarulhos - SP'
WHERE ID_AEROPORTO = 1;

UPDATE AEROPORTOS
SET NOME_AEROPORTO = 'Aeroporto Internacional de Congonhas - RJ'
WHERE ID_AEROPORTO = 2;

UPDATE PASSAGEIROS 
SET NOME_PASSAGEIROS = 'João da Silva'
WHERE CPF_PASSAGEIROS = 111111;

UPDATE PASSAGEIROS
SET NOME_PASSAGEIROS = 'Maria da Silva'
WHERE CPF_PASSAGEIROS = 222222;

UPDATE ENDERECO
SET RUA_ENDERECO = 'Rua dos Bobos, 0'
WHERE CPF_PASSAGEIROS = 111111;

UPDATE ENDERECO 
SET RUA_ENDERECO = 'Rua das bobas, 4'
WHERE CPF_PASSAGEIROS = 222222;

UPDATE FUNCIONARIOS 
SET NOME_FUNCIONARIOS = 'João da Silva'
WHERE CPF_FUNCIONARIOS = 111111;

UPDATE FUNCIONARIOS 
SET NOME_FUNCIONARIOS = 'Maria da Silva'
WHERE CPF_FUNCIONARIOS = 222222;

UPDATE RESERVAS
SET CPF_PASSAGEIROS = 111111
WHERE ID_RESERVAS = 1;

UPDATE RESERVAS
SET CPF_PASSAGEIROS = 222222
WHERE ID_RESERVAS = 2;

UPDATE VOOS
SET DATA_VOOS = '2021-01-01'
WHERE ID_VOO = 1;

UPDATE VOOS
SET DATA_VOOS = '2021-01-02'
WHERE ID_VOO = 2;

UPDATE TELEFONE
SET NUM_TEL = '11 1111-1111'
WHERE CPF_PASSAGEIROS = 111111;

UPDATE TELEFONE
SET NUM_TEL = '21 2222-2222'
WHERE CPF_PASSAGEIROS = 222222;

--DELETANDO DADOS
DELETE FROM AERONAVES
WHERE ID_AERONAVES IN (SELECT * FROM (SELECT ID_AERONAVES FROM AERONAVES WHERE MODELO_AERONAVES = 'Boeing 737 MAX') AS temp);

DELETE FROM AEROPORTOS
WHERE ID_AEROPORTO = 5;

DELETE FROM VOOS
WHERE ID_RESERVAS = 4;

DELETE FROM RESERVAS
WHERE ID_RESERVAS = 4;

DELETE FROM ENDERECO
WHERE CPF_PASSAGEIROS = 555555;

DELETE FROM TELEFONE
WHERE CPF_PASSAGEIROS = 555555;

DELETE FROM FUNCIONARIOS
WHERE CPF_FUNCIONARIOS = 555555;

